<?xml version="1.0" encoding="utf-8" ?>
<dwsync>
<file name="nav_bar.jpg" server="www.erume.net" local="131485480882346769" remote="131486152200000000" Dst="0" />
<file name="icon_cafe.png" server="www.erume.net" local="131485571870254579" remote="131486152200000000" Dst="0" />
<file name="icon_latest_more.png" server="www.erume.net" local="131485435682969186" remote="131486152200000000" Dst="0" />
<file name="icon_menu.png" server="www.erume.net" local="131485434552560280" remote="131486152200000000" Dst="0" />
<file name="icon_login.png" server="www.erume.net" local="131485434864327140" remote="131486152200000000" Dst="0" />
<file name="icon_mypage.png" server="www.erume.net" local="131485435092702927" remote="131486152200000000" Dst="0" />
<file name="logo.png" server="www.erume.net" local="131485431331394999" remote="131486152200000000" Dst="0" />
<file name="sample_ad.png" server="www.erume.net" local="131485436318224041" remote="131486152200000000" Dst="0" />
<file name="sample_visual.png" server="www.erume.net" local="131485435380301869" remote="131486152200000000" Dst="0" />
<file name="login_logo.png" server="www.erume.net" local="131492455440339863" remote="131492458800000000" Dst="0" />
</dwsync>