<?xml version="1.0" encoding="utf-8" ?>
<dwsync>
<file name="xeicon.eot" server="home1020xio.dothome.co.kr" local="130742830840000000" remote="130882000800000000" Dst="0" />
<file name="xeicon.ttf" server="home1020xio.dothome.co.kr" local="130742830840000000" remote="130882000800000000" Dst="0" />
<file name="xeicon.woff" server="home1020xio.dothome.co.kr" local="130742830840000000" remote="130882000800000000" Dst="0" />
<file name="xeicon.woff2" server="home1020xio.dothome.co.kr" local="130742830840000000" remote="130882000800000000" Dst="0" />
<file name="xeicon.svg" server="home1020xio.dothome.co.kr" local="130742830840000000" remote="130882000800000000" Dst="0" />
<file name="xeicon.eot" server="www.erume.net" local="130742830840000000" remote="131486152200000000" Dst="0" />
<file name="xeicon.ttf" server="www.erume.net" local="130742830840000000" remote="131486152200000000" Dst="0" />
<file name="xeicon.svg" server="www.erume.net" local="130742830840000000" remote="131486152200000000" Dst="0" />
<file name="xeicon.woff" server="www.erume.net" local="130742830840000000" remote="131486152200000000" Dst="0" />
<file name="xeicon.woff2" server="www.erume.net" local="130742830840000000" remote="131486152200000000" Dst="0" />
</dwsync>